compound_name,canonical_smiles,inchikey,source_db,species,rejection_reason
,CCCCC/C=C\C/C=C/CCCCCCCC(=O)O,OYHQOLUKZRVURQ-IXWMQOLASA-N,COCONUT,Magnolia sp.,primary_metabolite
Hydriodic acid,I,,COCONUT,Magnolia sp.,unparseable_smiles
stearic acid,CCCCCCCCCCCCCCCCCC(=O)O,QIQXTHQIDYTFRH-UHFFFAOYSA-N,COCONUT,Magnolia sp.,primary_metabolite
ethanol,CCO,LFQSCWFLJHTTHZ-UHFFFAOYSA-N,COCONUT,Magnolia sp.,mw_below_100.0
linoleic acid,CCCCC/C=C\C/C=C\CCCCCCCC(=O)O,OYHQOLUKZRVURQ-HZJYTTRNSA-N,COCONUT,Magnolia sp.,primary_metabolite
,[2H]/C(CCCCCCCC)=C(\[2H])CCCCCCCC(=O)O,ZQPPMHVWECSIRJ-FGFBQCSHSA-N,COCONUT,Magnolia sp.,primary_metabolite
Ethyl acetate-1-13C,CCO[13C](C)=O,XEKOWRVHYACXOJ-AZXPZELESA-N,COCONUT,Magnolia sp.,mw_below_100.0
ETHYL ACETATE,CCOC(C)=O,XEKOWRVHYACXOJ-UHFFFAOYSA-N,COCONUT,Magnolia sp.,mw_below_100.0
iodane,[123IH],,COCONUT,Magnolia sp.,unparseable_smiles
,CCCCCCCC/C=C/CCCCCCCC(=O)O,ZQPPMHVWECSIRJ-MDZDMXLPSA-N,COCONUT,Magnolia sp.,primary_metabolite
acetic acid,CC(=O)O,,COCONUT,Magnolia sp.,unparseable_smiles
1-butanol,CCCCO,LRHPLDYGYMQRHN-UHFFFAOYSA-N,COCONUT,Magnolia sp.,mw_below_100.0
butyric acid,CCCC(=O)O,FERIUCNNQQJTOY-UHFFFAOYSA-N,COCONUT,Magnolia sp.,mw_below_100.0
Isopropyl alcohol,CC(C)O,KFZMGEQAYNKOFK-UHFFFAOYSA-N,COCONUT,Magnolia sp.,mw_below_100.0
hydrochloric acid,Cl,,COCONUT,Magnolia sp.,unparseable_smiles
,CCCCC/C=C/C/C=C/CCCCCCCC(=O)O,OYHQOLUKZRVURQ-AVQMFFATSA-N,COCONUT,Magnolia sp.,primary_metabolite
Octadecanoic 1-14C acid,CCCCCCCCCCCCCCCCC[14C](=O)O,QIQXTHQIDYTFRH-GTFORLLLSA-N,COCONUT,Magnolia sp.,primary_metabolite
,CCCCC/C=C/C/C=C\CCCCCCCC(=O)O,OYHQOLUKZRVURQ-KQHSAVHASA-N,COCONUT,Magnolia sp.,primary_metabolite
,[2H]C(C/C=C\CCC([2H])([2H])C([2H])C([2H])([2H])CCC)CCCCC([2H])C(=O)O,ZQPPMHVWECSIRJ-HIOWUFTPSA-N,COCONUT,Magnolia sp.,primary_metabolite
FURFURAL,O=Cc1ccco1,HYBBIBNJHNGZAN-UHFFFAOYSA-N,COCONUT,Magnolia sp.,mw_below_100.0
oleic acid,CCCCCCCC/C=C\CCCCCCCC(=O)O,ZQPPMHVWECSIRJ-KTKRTIGZSA-N,COCONUT,Magnolia sp.,primary_metabolite
iodane,[131IH],,COCONUT,Magnolia sp.,unparseable_smiles
(+)-beta-Eudesmol,,,KNApSAcK,Magnolia officinalis,unresolvable_name
(+)-beta-Eudesmol,,,KNApSAcK,Magnolia liliiflora,unresolvable_name
Kobusinol A,,,KNApSAcK,Magnolia kobus var. borealis,unresolvable_name
Kobusinol B,,,KNApSAcK,Magnolia kobus var. borealis,unresolvable_name
Linoleic acid,CCCCCC=CCC=CCCCCCCCC(=O)O,OYHQOLUKZRVURQ-UHFFFAOYSA-N,KNApSAcK,Magnolia officinalis,primary_metabolite
Oleic acid,CCCCCCCCC=CCCCCCCCC(=O)O,ZQPPMHVWECSIRJ-UHFFFAOYSA-N,KNApSAcK,Magnolia officinalis,primary_metabolite
alpha-Caryophyllene (obsol.),,,KNApSAcK,Magnolia officinalis,unresolvable_name
(+)-Epimagnolin,,,KNApSAcK,Magnolia kobus var. borealis,unresolvable_name
Kobusimin A,,,KNApSAcK,Magnolia kobus,unresolvable_name
Kobusimin B,,,KNApSAcK,Magnolia kobus,unresolvable_name
(-)-Elemol,,,KNApSAcK,Magnolia officinalis,unresolvable_name
Melampomagnolide A,,,KNApSAcK,Magnolia grandiflora,unresolvable_name
Soulangianolide B,,,KNApSAcK,Magnolia sp.,unresolvable_name
Soulangianolide B,,,KNApSAcK,Magnolia x Soulangeana Soulangae-Bodin.,unresolvable_name
(-)-Eudeshonokiol,,,KNApSAcK,Magnolia obovata,unresolvable_name
(-)-Eudesmagnolol,,,KNApSAcK,Magnolia obovata,unresolvable_name
3-O-beta-D-Glucopyranosyl sitosterol,,,KNApSAcK,Magnolia obovata,unresolvable_name
(-)-delta-Cadinol,,,KNApSAcK,Magnolia officinalis,unresolvable_name
Watsonol A,,,KNApSAcK,Magnolia watsonii,unresolvable_name
Watsonol B,,,KNApSAcK,Magnolia watsonii,unresolvable_name
Magnograndiolide,,,KNApSAcK,Magnolia grandiflora,unresolvable_name
Trifloculoside,,,KNApSAcK,Magnolia virginiana,unresolvable_name
(+)-N-Methylcoclaurine,,,KNApSAcK,Magnolia officinalis,unresolvable_name
(+)-N-Methylcoclaurine,,,KNApSAcK,Magnolia obovata,unresolvable_name
Magnococline,,,KNApSAcK,Magnolia coco,unresolvable_name
(-)-Michelalbine,,,KNApSAcK,Magnolia officinalis,unresolvable_name
Magnolamide,,,KNApSAcK,Magnolia coco,unresolvable_name
(-)-Aschantin,,,KNApSAcK,Magnolia kobus,unresolvable_name
"7R,8S,7'S.8'R-3,4,3',4'-Tetramethoxy-9,7'-dihydroxy-8,8',7.O.9'-lignan",,,KNApSAcK,Magnolia fargesii CHENG,unresolvable_name
"7S,8R,7'S.8'R-3,4,3',4'-Tetramethoxy-9,7'-dihydroxy-8,8',7.O.9'-lignan",,,KNApSAcK,Magnolia fargesii CHENG,unresolvable_name
Isosafrol glycol,,,KNApSAcK,Magnolia salicifolia,unresolvable_name
Magnostellin A,,,KNApSAcK,Magnolia fargesii CHENG,unresolvable_name
(-)-Methylpiperitol,,,KNApSAcK,Magnolia denudata,unresolvable_name
Burcellin,,,KNApSAcK,Magnolia denudata,unresolvable_name
(-)-Fargesol,,,KNApSAcK,Magnolia praecocissima,unresolvable_name
Denudadione A,,,KNApSAcK,Magnolia denudata,unresolvable_name
Denudadione B,,,KNApSAcK,Magnolia denudata,unresolvable_name
Denudanolide B,,,KNApSAcK,Magnolia denudata,unresolvable_name
Denudanolide C,,,KNApSAcK,Magnolia denudata,unresolvable_name
Denudanolide D,,,KNApSAcK,Magnolia denudata,unresolvable_name
Magnostellin B,,,KNApSAcK,Magnolia praecocissima,unresolvable_name
Aceoside,,,KNApSAcK,Magnolia officinalis,unresolvable_name
Magnolenin C,,,KNApSAcK,Magnolia grandiflora,unresolvable_name
Pyramidatin A,,,KNApSAcK,Magnolia pyramidata,unresolvable_name
Pyramidatin B,,,KNApSAcK,Magnolia pyramidata,unresolvable_name
Pyramidatin C,,,KNApSAcK,Magnolia pyramidata,unresolvable_name
Pyramidatin D,,,KNApSAcK,Magnolia pyramidata,unresolvable_name
Pyramidatin E,,,KNApSAcK,Magnolia pyramidata,unresolvable_name
Pyramidatin F,,,KNApSAcK,Magnolia pyramidata,unresolvable_name
Pyramidatin G,,,KNApSAcK,Magnolia pyramidata,unresolvable_name
Magnolignan B,,,KNApSAcK,Magnolia officinalis,unresolvable_name
Liliflone,,,KNApSAcK,Magnolia liliiflora,unresolvable_name
Isoprene,C=CC(=C)C,RRHGJUQNOFWUDK-UHFFFAOYSA-N,KNApSAcK,Magnolia grandiflora,mw_below_100.0
Dehydro isolongifolene,,,KNApSAcK,Magnolia officinalis,unresolvable_name
Costunolact-12beta-ol,,,KNApSAcK,Magnolia virginiana,unresolvable_name
Magnaldehyde C,,,KNApSAcK,Magnolia officinalis,unresolvable_name
Magnolignan D,,,KNApSAcK,Magnolia officinalis,unresolvable_name
Magnolignan G,,,KNApSAcK,Magnolia officinalis,unresolvable_name
Magnoquinone,,,KNApSAcK,Magnolia rostrata,unresolvable_name
4'-O-Demethylbiondinin A,,,KNApSAcK,Magnolia fargesii,unresolvable_name
"5,6,6a,7-Tetrahydro-1,3,11-trihydroxy-2,9-dimethoxy-6,6-dimethyl-4H-dibenzo[de,g]quinolinium",,,KNApSAcK,Magnolia officinalis,unresolvable_name
threo-Magnolignan B,,,KNApSAcK,Magnolia officinalis,unresolvable_name
erythro-Magnolignan B,,,KNApSAcK,Magnolia officinalis,unresolvable_name
6-(1-Propen-1-yl)bicyclo[3.1.0]hexan-2-one,,,KNApSAcK,Magnolia officinalis,unresolvable_name
"Cyclobutanecarboxylic acid, 1-methyl-2-hepten-1-yl ester",,,KNApSAcK,Magnolia officinalis,unresolvable_name
(-)-Piperitylmagnolol,,,KNApSAcK,Magnolia officinalis,unresolvable_name
"rel-(1R,2S)-1-(4-Hydroxy-3-methoxyphenyl)-2-[4-(3-hydroxypropyl)-2-methoxyphenoxy]-1,3-propanediol",,,KNApSAcK,Magnolia officinalis,unresolvable_name
"rel-(1R,2R)-1-(4-Hydroxy-3-methoxyphenyl)-2-[4-(3-hydroxypropyl)-2-methoxyphenoxy]-1,3-propanediol",,,KNApSAcK,Magnolia officinalis,unresolvable_name
"5-(2,3-Dihydroxypropyl)-5'-(2-propen-1-yl)[1,1'-biphenyl]-2,2'-diol",,,KNApSAcK,Magnolia officinalis,unresolvable_name
"Linalool-1,2-epoxide",,,KNApSAcK,Magnolia officinalis,unresolvable_name
"(2E)-3-[4-(beta-D-Glucopyranosyloxy)-3,5-dimethoxyphenyl]-2-propenal",,,KNApSAcK,Magnolia officinalis,unresolvable_name
"6,7,7a,8-Tetrahydro-9-hydroxy-4,10,11-trimethoxy-7,7-dimethyl-5H-benzo[g]-1,3-benzodioxolo[6,5,4-de]quinolinium",,,KNApSAcK,Magnolia officinalis,unresolvable_name
"(6aS)-5,6,6a,7-Tetrahydro-1,11-dihydroxy-2,10-dimethoxy-6,6-dimethyl-4-oxo-4H-dibenzo[de,g]quinolinium",,,KNApSAcK,Magnolia officinalis,unresolvable_name
"6,7,7a,8-Tetrahydro-12-hydroxy-11-methoxy-7,7-dimethyl-5H-benzo[g]-1,3-benzodioxolo[6,5,4-de]quinolinium",,,KNApSAcK,Magnolia officinalis,unresolvable_name
"(1R)-1,2-Dihydro-7-hydroxy-1-[(4-hydroxyphenyl)methyl]-6-methoxy-2,2-dimethylisoquinolinium",,,KNApSAcK,Magnolia officinalis,unresolvable_name
"2-cis,cis-9,12Octadecadienyloxyethanol",,,KNApSAcK,Magnolia officinalis,unresolvable_name
"(2S)-2-Methyl-2-[(3R,5R,8R,8aR)-1,2,3,5,6,7,8,8a-octahydro-3,8-dimethyl-5-azulenyl]oxirane",,,KNApSAcK,Magnolia officinalis,unresolvable_name
"2,3,5,8,Tetramethyldecane",,,KNApSAcK,Magnolia officinalis,unresolvable_name
8-Ethenyldecahydro-5-methylene-2-naphthalenemethanol,,,KNApSAcK,Magnolia officinalis,unresolvable_name
"5,6,6a,7-Tetrahydro-1,9,10-trihydroxy-2-methoxy-6,6-dimethyl-4H-dibenzo[de,g]quinolinium",,,KNApSAcK,Magnolia officinalis,unresolvable_name
"5,5-Dimethyl-3-methylenebicyclo[2.2.1]heptan-2-one",,,KNApSAcK,Magnolia officinalis,unresolvable_name
(2E)-2-Nonen-4-yne,,,KNApSAcK,Magnolia officinalis,unresolvable_name
"(9Z)-9,17-Octadecadienal",,,KNApSAcK,Magnolia officinalis,unresolvable_name
Decahydro-1-methyl-4-methylene-7-(1-methylethenyl)azulene,,,KNApSAcK,Magnolia officinalis,unresolvable_name
"trans,trans-(+)-5-Caranol",,,KNApSAcK,Magnolia officinalis,unresolvable_name
1-Ethenyl-1-methyl-4-methylene-2-(2-methyl-1-propenyl)-cycloheptane,,,KNApSAcK,Magnolia officinalis,unresolvable_name
Liliflol B,,,KNApSAcK,Magnolia liliiflora,unresolvable_name
Liliflodione,,,KNApSAcK,Magnolia liliiflora,unresolvable_name
2-Ethyl-2-methyltridecanol,,,KNApSAcK,Magnolia officinalis,unresolvable_name
Piperitylhonokiol,,,KNApSAcK,Magnolia officinalis,unresolvable_name
Bornylmagnolol,,,KNApSAcK,Magnolia officinalis,unresolvable_name
"1,2,3,4-Tetrahydro-1-[(3-hydroxy-4-methoxyphenyl)methyl]-6,7-dimethoxy-2,2-dimethylisoquinolinium",,,KNApSAcK,Magnolia officinalis,unresolvable_name
(+)-Paramicholide,,,KNApSAcK,Magnolia baillonii,unresolvable_name
(+)-Paramicholide,,,KNApSAcK,Magnolia rajaniana,unresolvable_name
Lanuginolide,,,KNApSAcK,Magnolia compressa,unresolvable_name
Lanuginolide,,,KNApSAcK,Magnolia lanuginosa,unresolvable_name
9alpha-Hydroxydihydroparthenolide,,,KNApSAcK,Magnolia baillonii,unresolvable_name
"11betaH,13-Dihydroreynosin",,,KNApSAcK,Magnolia compressa,unresolvable_name
Michefuscalide,,,KNApSAcK,Michelia fuscata,unresolvable_name
(-)-Michelalbine,,,KNApSAcK,Magnolia x alba,unresolvable_name
(+)-Xylopine,,,KNApSAcK,Magnolia gitigensis,unresolvable_name
N-Acetylxylopine,,,KNApSAcK,Magnolia gitigensis,unresolvable_name
Manglieside A,,,KNApSAcK,Magnolia phuthoensis,unresolvable_name
Manglieside C,,,KNApSAcK,Magnolia phuthoensis,unresolvable_name
ethanol,CCO,LFQSCWFLJHTTHZ-UHFFFAOYSA-N,PubMed_NER,Magnolia champaca|Magnolia ovata,mw_below_100.0
pyramidatin a,,,PubMed_NER,Magnolia and|Magnolia fraseri|Magnolia pyramidata,unresolvable_name
ethanol,CCO,LFQSCWFLJHTTHZ-UHFFFAOYSA-N,PubMed_NER,Magnolia sp.,mw_below_100.0
ethyl acetate,CCOC(C)=O,XEKOWRVHYACXOJ-UHFFFAOYSA-N,PubMed_NER,Magnolia sp.,mw_below_100.0
ethanol,CCO,LFQSCWFLJHTTHZ-UHFFFAOYSA-N,PubMed_NER,Magnolia sp.,mw_below_100.0
ethyl acetate,CCOC(C)=O,XEKOWRVHYACXOJ-UHFFFAOYSA-N,PubMed_NER,Magnolia champaca,mw_below_100.0
ethanol,CCO,LFQSCWFLJHTTHZ-UHFFFAOYSA-N,PubMed_NER,Magnolia sp.,mw_below_100.0
ethanol,CCO,LFQSCWFLJHTTHZ-UHFFFAOYSA-N,PubMed_NER,Magnolia grandiflora,mw_below_100.0
ethanol,CCO,LFQSCWFLJHTTHZ-UHFFFAOYSA-N,PubMed_NER,Magnolia fargesii,mw_below_100.0
acetic acid,CC(=O)O,,PubMed_NER,Magnolia fargesii,unparseable_smiles
ethanol,CCO,LFQSCWFLJHTTHZ-UHFFFAOYSA-N,PubMed_NER,Magnolia champaca,mw_below_100.0
ethyl acetate,CCOC(C)=O,XEKOWRVHYACXOJ-UHFFFAOYSA-N,PubMed_NER,Magnolia champaca,mw_below_100.0
ethanol,CCO,LFQSCWFLJHTTHZ-UHFFFAOYSA-N,PubMed_NER,Magnolia sp.,mw_below_100.0
β-eudesmol,,,PubMed_NER,Magnolia sp.,unresolvable_name
manglieside c,,,PubMed_NER,Magnolia phuthoensis,unresolvable_name
ethanol,CCO,LFQSCWFLJHTTHZ-UHFFFAOYSA-N,PubMed_NER,Magnolia ovata,mw_below_100.0
ethyl acetate,CCOC(C)=O,XEKOWRVHYACXOJ-UHFFFAOYSA-N,PubMed_NER,Magnolia liliflora,mw_below_100.0
ethanol,CCO,LFQSCWFLJHTTHZ-UHFFFAOYSA-N,PubMed_NER,Magnolia dealbata,mw_below_100.0
acetic acid,CC(=O)O,,PubMed_NER,Magnolia chapensis,unparseable_smiles
ethanol,CCO,LFQSCWFLJHTTHZ-UHFFFAOYSA-N,PubMed_NER,Magnolia officinalis,mw_below_100.0
ethyl acetate,CCOC(C)=O,XEKOWRVHYACXOJ-UHFFFAOYSA-N,PubMed_NER,Magnolia officinalis,mw_below_100.0
acetic acid,CC(=O)O,,PubMed_NER,Magnolia champaca,unparseable_smiles
ethanol,CCO,LFQSCWFLJHTTHZ-UHFFFAOYSA-N,PubMed_NER,Magnolia sp.,mw_below_100.0
ethanol,CCO,LFQSCWFLJHTTHZ-UHFFFAOYSA-N,PubMed_NER,Magnolia sp.,mw_below_100.0
ethanol,CCO,LFQSCWFLJHTTHZ-UHFFFAOYSA-N,PubMed_NER,Magnolia dealbata,mw_below_100.0
ethanol,CCO,LFQSCWFLJHTTHZ-UHFFFAOYSA-N,PubMed_NER,Magnolia officinalis,mw_below_100.0
ethanol,CCO,LFQSCWFLJHTTHZ-UHFFFAOYSA-N,PubMed_NER,Magnolia delavayi,mw_below_100.0
ethanol,CCO,LFQSCWFLJHTTHZ-UHFFFAOYSA-N,PubMed_NER,Magnolia grandiflora|Magnolia virginiana,mw_below_100.0
β-bisabolene,,,PubMed_NER,Magnolia grandiflora|Magnolia virginiana,unresolvable_name
ethanol,CCO,LFQSCWFLJHTTHZ-UHFFFAOYSA-N,PubMed_NER,Magnolia sp.,mw_below_100.0
ethanol,CCO,LFQSCWFLJHTTHZ-UHFFFAOYSA-N,PubMed_NER,Magnolia officinalis,mw_below_100.0
ethanol,CCO,LFQSCWFLJHTTHZ-UHFFFAOYSA-N,PubMed_NER,Magnolia officinalis,mw_below_100.0
ethanol,CCO,LFQSCWFLJHTTHZ-UHFFFAOYSA-N,PubMed_NER,Magnolia officinalis,mw_below_100.0
magnostellin b,,,PubMed_NER,Magnolia delavayi,unresolvable_name
ethanol,CCO,LFQSCWFLJHTTHZ-UHFFFAOYSA-N,PubMed_NER,Magnolia champaca,mw_below_100.0
ethyl acetate,CCOC(C)=O,XEKOWRVHYACXOJ-UHFFFAOYSA-N,PubMed_NER,Magnolia champaca,mw_below_100.0
oleic acid,CCCCCCCCC=CCCCCCCCC(=O)O,ZQPPMHVWECSIRJ-UHFFFAOYSA-N,PubMed_NER,Magnolia endodormancy|Magnolia flower,primary_metabolite
linoleic acid,CCCCCC=CCC=CCCCCCCCC(=O)O,OYHQOLUKZRVURQ-UHFFFAOYSA-N,PubMed_NER,Magnolia endodormancy|Magnolia flower,primary_metabolite
magnolignan b,,,PubMed_NER,Magnolia officinalis,unresolvable_name
honokitriol,,,PubMed_NER,Magnolia officinalis,unresolvable_name
oleic acid,CCCCCCCCC=CCCCCCCCC(=O)O,ZQPPMHVWECSIRJ-UHFFFAOYSA-N,PubMed_NER,Magnolia denudata,primary_metabolite
linoleic acid,CCCCCC=CCC=CCCCCCCCC(=O)O,OYHQOLUKZRVURQ-UHFFFAOYSA-N,PubMed_NER,Magnolia denudata,primary_metabolite
(±)-limonene,,,PubMed_NER,Magnolia denudata,unresolvable_name
ethanol,CCO,LFQSCWFLJHTTHZ-UHFFFAOYSA-N,PubMed_NER,Magnolia sp.,mw_below_100.0
magnostellin a,,,PubMed_NER,Magnolia biondii,unresolvable_name
ethanol,CCO,LFQSCWFLJHTTHZ-UHFFFAOYSA-N,PubMed_NER,Magnolia officinalis,mw_below_100.0
ethanol,CCO,LFQSCWFLJHTTHZ-UHFFFAOYSA-N,PubMed_NER,Magnolia sprengeri,mw_below_100.0
ethyl acetate,CCOC(C)=O,XEKOWRVHYACXOJ-UHFFFAOYSA-N,PubMed_NER,Magnolia sprengeri,mw_below_100.0
ethanol,CCO,LFQSCWFLJHTTHZ-UHFFFAOYSA-N,PubMed_NER,Magnolia sp.,mw_below_100.0
ethyl acetate,CCOC(C)=O,XEKOWRVHYACXOJ-UHFFFAOYSA-N,PubMed_NER,Magnolia sp.,mw_below_100.0
ethanol,CCO,LFQSCWFLJHTTHZ-UHFFFAOYSA-N,PubMed_NER,Magnolia obovata,mw_below_100.0
ethanol,CCO,LFQSCWFLJHTTHZ-UHFFFAOYSA-N,PubMed_NER,Magnolia officinalis,mw_below_100.0
dihydroparthenolide,,,PubMed_NER,Magnolia sp.,unresolvable_name
ethanol,CCO,LFQSCWFLJHTTHZ-UHFFFAOYSA-N,PubMed_NER,Magnolia champaca,mw_below_100.0
ethanol,CCO,LFQSCWFLJHTTHZ-UHFFFAOYSA-N,PubMed_NER,Magnolia grandiflora,mw_below_100.0
ethanol,CCO,LFQSCWFLJHTTHZ-UHFFFAOYSA-N,PubMed_NER,Magnolia grandiflora,mw_below_100.0
ethanol,CCO,LFQSCWFLJHTTHZ-UHFFFAOYSA-N,PubMed_NER,Magnolia officinalis,mw_below_100.0
ethyl acetate,CCOC(C)=O,XEKOWRVHYACXOJ-UHFFFAOYSA-N,PubMed_NER,Magnolia officinalis,mw_below_100.0
ethanol,CCO,LFQSCWFLJHTTHZ-UHFFFAOYSA-N,PubMed_NER,Magnolia kobus,mw_below_100.0
ethanol,CCO,LFQSCWFLJHTTHZ-UHFFFAOYSA-N,PubMed_NER,Magnolia virginiana,mw_below_100.0
ethanol,CCO,LFQSCWFLJHTTHZ-UHFFFAOYSA-N,PubMed_NER,Magnolia compressa,mw_below_100.0
ethanol,CCO,LFQSCWFLJHTTHZ-UHFFFAOYSA-N,PubMed_NER,Magnolia officinalis,mw_below_100.0
oleic acid,CCCCCCCCC=CCCCCCCCC(=O)O,ZQPPMHVWECSIRJ-UHFFFAOYSA-N,PubMed_NER,Magnolia seed,primary_metabolite
linoleic acid,CCCCCC=CCC=CCCCCCCCC(=O)O,OYHQOLUKZRVURQ-UHFFFAOYSA-N,PubMed_NER,Magnolia seed,primary_metabolite
ethanol,CCO,LFQSCWFLJHTTHZ-UHFFFAOYSA-N,PubMed_NER,Magnolia officinalis,mw_below_100.0
acetic acid,CC(=O)O,,PubMed_NER,Magnolia officinalis,unparseable_smiles
magnograndiolide,,,PubMed_NER,Magnolia grandiflora,unresolvable_name
ethanol,CCO,LFQSCWFLJHTTHZ-UHFFFAOYSA-N,PubMed_NER,Magnolia officinalis,mw_below_100.0
ethyl acetate,CCOC(C)=O,XEKOWRVHYACXOJ-UHFFFAOYSA-N,PubMed_NER,Magnolia officinalis,mw_below_100.0
ethanol,CCO,LFQSCWFLJHTTHZ-UHFFFAOYSA-N,PubMed_NER,Magnolia ovata,mw_below_100.0
acetic acid,CC(=O)O,,PubMed_NER,Magnolia ovata,unparseable_smiles
n-acetylxylopine,,,PubMed_NER,Magnolia ovata,unresolvable_name
acetic acid,CC(=O)O,,PubMed_NER,Magnolia dealbata,unparseable_smiles
(+)-paramicholide,,,PubMed_NER,Magnolia rajaniana|Magnolia baillonii,unresolvable_name
ethanol,CCO,LFQSCWFLJHTTHZ-UHFFFAOYSA-N,PubMed_NER,Magnolia obovata|Magnolia spp,mw_below_100.0
ethanol,CCO,LFQSCWFLJHTTHZ-UHFFFAOYSA-N,PubMed_NER,Magnolia officinalis|Magnolia bark,mw_below_100.0
butyric acid,CCCC(=O)O,FERIUCNNQQJTOY-UHFFFAOYSA-N,PubMed_NER,Magnolia officinalis,mw_below_100.0
costunolide diepoxide,,,PubMed_NER,Magnolia champaca,unresolvable_name
ethanol,CCO,LFQSCWFLJHTTHZ-UHFFFAOYSA-N,PubMed_NER,Magnolia officinalis,mw_below_100.0
costunolide diepoxide,,,PubMed_NER,Magnolia grandiflora,unresolvable_name
costunolide (1),,,PubMed_NER,Magnolia kobus,unresolvable_name
ethanol,CCO,LFQSCWFLJHTTHZ-UHFFFAOYSA-N,PubMed_NER,Magnolia kobus,mw_below_100.0
denudadione b,,,PubMed_NER,Magnolia denudata,unresolvable_name
ethanol,CCO,LFQSCWFLJHTTHZ-UHFFFAOYSA-N,PubMed_NER,Magnolia officinalis,mw_below_100.0
magnostellin a,,,PubMed_NER,Magnolia fargesii,unresolvable_name
ethanol,CCO,LFQSCWFLJHTTHZ-UHFFFAOYSA-N,PubMed_NER,Magnolia and|Magnolia obovata,mw_below_100.0
pyramidatin a,,,PubMed_NER,Magnolia pyramidata,unresolvable_name
ethanol,CCO,LFQSCWFLJHTTHZ-UHFFFAOYSA-N,PubMed_NER,Magnolia officinalis,mw_below_100.0
ethanol,CCO,LFQSCWFLJHTTHZ-UHFFFAOYSA-N,PubMed_NER,Magnolia and|Magnolia obovata,mw_below_100.0
n-acetylxylopine,,,PubMed_NER,Magnolia and|Magnolia obovata,unresolvable_name
dihydroparthenolide,,,PubMed_NER,Magnolia grandiflora,unresolvable_name
ethanol,CCO,LFQSCWFLJHTTHZ-UHFFFAOYSA-N,PubMed_NER,Magnolia obovata,mw_below_100.0
ethyl acetate,CCOC(C)=O,XEKOWRVHYACXOJ-UHFFFAOYSA-N,PubMed_NER,Magnolia denudata,mw_below_100.0
isoprene,C=CC(=C)C,RRHGJUQNOFWUDK-UHFFFAOYSA-N,PubMed_NER,Magnolia biondii,mw_below_100.0
ethanol,CCO,LFQSCWFLJHTTHZ-UHFFFAOYSA-N,PubMed_NER,Magnolia obovata,mw_below_100.0
eudesmagnolol,,,PubMed_NER,Magnolia obovata,unresolvable_name
eudeshonokiol a,,,PubMed_NER,Magnolia obovata,unresolvable_name
oxoanolobine,,,PubMed_NER,Magnolia coco,unresolvable_name
magnolamide,,,PubMed_NER,Magnolia coco,unresolvable_name
ethanol,CCO,LFQSCWFLJHTTHZ-UHFFFAOYSA-N,PubMed_NER,Magnolia fargesii,mw_below_100.0
ethanol,CCO,LFQSCWFLJHTTHZ-UHFFFAOYSA-N,PubMed_NER,Magnolia dealbata,mw_below_100.0
acetic acid,CC(=O)O,,PubMed_NER,Magnolia bark,unparseable_smiles
ethyl acetate,CCOC(C)=O,XEKOWRVHYACXOJ-UHFFFAOYSA-N,PubMed_NER,Magnolia officinalis|Magnolia officinals,mw_below_100.0
(-)-fargesol,,,PubMed_NER,Magnolia fargesii,unresolvable_name
ethanol,CCO,LFQSCWFLJHTTHZ-UHFFFAOYSA-N,PubMed_NER,Magnolia fargesii,mw_below_100.0
ethanol,CCO,LFQSCWFLJHTTHZ-UHFFFAOYSA-N,PubMed_NER,Magnolia obovata,mw_below_100.0
ethanol,CCO,LFQSCWFLJHTTHZ-UHFFFAOYSA-N,PubMed_NER,Magnolia grandiflora,mw_below_100.0
ethanol,CCO,LFQSCWFLJHTTHZ-UHFFFAOYSA-N,PubMed_NER,Magnolia officinalis,mw_below_100.0
acetic acid,CC(=O)O,,PubMed_NER,Magnolia sp.,unparseable_smiles
ethanol,CCO,LFQSCWFLJHTTHZ-UHFFFAOYSA-N,PubMed_NER,Magnolia fargesii,mw_below_100.0
ethanol,CCO,LFQSCWFLJHTTHZ-UHFFFAOYSA-N,PubMed_NER,Magnolia officinalis,mw_below_100.0
ethanol,CCO,LFQSCWFLJHTTHZ-UHFFFAOYSA-N,PubMed_NER,Magnolia sp.,mw_below_100.0
acetic acid,CC(=O)O,,PubMed_NER,Magnolia officinalis,unparseable_smiles
ethanol,CCO,LFQSCWFLJHTTHZ-UHFFFAOYSA-N,PubMed_NER,Magnolia officinalis,mw_below_100.0
ethanol,CCO,LFQSCWFLJHTTHZ-UHFFFAOYSA-N,PubMed_NER,Magnolia ovata,mw_below_100.0
dihydroparthenolide,,,PubMed_NER,Magnolia and|Magnolia grandiflora,unresolvable_name
ethanol,CCO,LFQSCWFLJHTTHZ-UHFFFAOYSA-N,PubMed_NER,Magnolia kobus,mw_below_100.0
ethanol,CCO,LFQSCWFLJHTTHZ-UHFFFAOYSA-N,PubMed_NER,Magnolia obovata,mw_below_100.0
ethanol,CCO,LFQSCWFLJHTTHZ-UHFFFAOYSA-N,PubMed_NER,Magnolia sieboldii,mw_below_100.0
ethanol,CCO,LFQSCWFLJHTTHZ-UHFFFAOYSA-N,PubMed_NER,Magnolia obovata,mw_below_100.0
acetic acid,CC(=O)O,,PubMed_NER,Magnolia officinalis,unparseable_smiles
ethanol,CCO,LFQSCWFLJHTTHZ-UHFFFAOYSA-N,PubMed_NER,Magnolia plant|Magnolia flos,mw_below_100.0
ethanol,CCO,LFQSCWFLJHTTHZ-UHFFFAOYSA-N,PubMed_NER,Magnolia sp.,mw_below_100.0
butyric acid,CCCC(=O)O,FERIUCNNQQJTOY-UHFFFAOYSA-N,PubMed_NER,Magnolia obovata,mw_below_100.0
dihydroparthenolide,,,PubMed_NER,Magnolia virginiana,unresolvable_name
ethanol,CCO,LFQSCWFLJHTTHZ-UHFFFAOYSA-N,PubMed_NER,Magnolia champaca,mw_below_100.0
ethanol,CCO,LFQSCWFLJHTTHZ-UHFFFAOYSA-N,PubMed_NER,Magnolia x alba,mw_below_100.0
ethanol,CCO,LFQSCWFLJHTTHZ-UHFFFAOYSA-N,PubMed_NER,Magnolia officinalis,mw_below_100.0
acetic acid,CC(=O)O,,PubMed_NER,Magnolia salicifolia,unparseable_smiles
ethanol,CCO,LFQSCWFLJHTTHZ-UHFFFAOYSA-N,PubMed_NER,Magnolia sp.,mw_below_100.0
acetic acid,CC(=O)O,,PubMed_NER,Magnolia sp.,unparseable_smiles
acetic acid,CC(=O)O,,PubMed_NER,Magnolia officinalis,unparseable_smiles
acetic acid,CC(=O)O,,PubMed_NER,Magnolia sp.,unparseable_smiles
ethanol,CCO,LFQSCWFLJHTTHZ-UHFFFAOYSA-N,PubMed_NER,Magnolia virginiana,mw_below_100.0
ethanol,CCO,LFQSCWFLJHTTHZ-UHFFFAOYSA-N,PubMed_NER,Magnolia officinalis,mw_below_100.0
ethanol,CCO,LFQSCWFLJHTTHZ-UHFFFAOYSA-N,PubMed_NER,Magnolia officinalis,mw_below_100.0
ethyl acetate,CCOC(C)=O,XEKOWRVHYACXOJ-UHFFFAOYSA-N,PubMed_NER,Magnolia officinalis,mw_below_100.0
oleic acid,CCCCCCCCC=CCCCCCCCC(=O)O,ZQPPMHVWECSIRJ-UHFFFAOYSA-N,PubMed_NER,Magnolia sp.,primary_metabolite
ethanol,CCO,LFQSCWFLJHTTHZ-UHFFFAOYSA-N,PubMed_NER,Magnolia denudata,mw_below_100.0
butyric acid,CCCC(=O)O,FERIUCNNQQJTOY-UHFFFAOYSA-N,PubMed_NER,Magnolia denudata,mw_below_100.0
ethanol,CCO,LFQSCWFLJHTTHZ-UHFFFAOYSA-N,PubMed_NER,Magnolia sp.,mw_below_100.0
acetic acid,CC(=O)O,,PubMed_NER,Magnolia sp.,unparseable_smiles
ethanol,CCO,LFQSCWFLJHTTHZ-UHFFFAOYSA-N,PubMed_NER,Magnolia sp.,mw_below_100.0
acetic acid,CC(=O)O,,PubMed_NER,Magnolia sp.,unparseable_smiles
ethanol,CCO,LFQSCWFLJHTTHZ-UHFFFAOYSA-N,PubMed_NER,Magnolia officinalis,mw_below_100.0
acetic acid,CC(=O)O,,PubMed_NER,Magnolia sieboldii,unparseable_smiles
ethyl acetate,CCOC(C)=O,XEKOWRVHYACXOJ-UHFFFAOYSA-N,PubMed_NER,Magnolia sieboldii,mw_below_100.0
acetic acid,CC(=O)O,,PubMed_NER,Magnolia sp.,unparseable_smiles
ethanol,CCO,LFQSCWFLJHTTHZ-UHFFFAOYSA-N,PubMed_NER,Magnolia sp.,mw_below_100.0
acetic acid,CC(=O)O,,PubMed_NER,Magnolia sp.,unparseable_smiles
ethanol,CCO,LFQSCWFLJHTTHZ-UHFFFAOYSA-N,PubMed_NER,Magnolia denudata,mw_below_100.0
butyric acid,CCCC(=O)O,FERIUCNNQQJTOY-UHFFFAOYSA-N,PubMed_NER,Magnolia sp.,mw_below_100.0
ethanol,CCO,LFQSCWFLJHTTHZ-UHFFFAOYSA-N,PubMed_NER,Magnolia sp.,mw_below_100.0
isoprene,C=CC(=C)C,RRHGJUQNOFWUDK-UHFFFAOYSA-N,PubMed_NER,Magnolia sp.,mw_below_100.0
ethanol,CCO,LFQSCWFLJHTTHZ-UHFFFAOYSA-N,PubMed_NER,Magnolia grandiflora,mw_below_100.0
ethanol,CCO,LFQSCWFLJHTTHZ-UHFFFAOYSA-N,PubMed_NER,Magnolia officinalis,mw_below_100.0
acetic acid,CC(=O)O,,PubMed_NER,Magnolia officinalis,unparseable_smiles
β-eudesmol,,,PubMed_NER,Magnolia officinalis,unresolvable_name
magnoquinone,,,SemanticScholar_NER,Magnolia tripetala,unresolvable_name
honokitriol,,,SemanticScholar_NER,Magnolia officinalis,unresolvable_name
manglieside a,,,SemanticScholar_NER,Magnolia utilis,unresolvable_name
oleic acid,CCCCCCCCC=CCCCCCCCC(=O)O,ZQPPMHVWECSIRJ-UHFFFAOYSA-N,SemanticScholar_NER,Magnolia acuminata,primary_metabolite
linoleic acid,CCCCCC=CCC=CCCCCCCCC(=O)O,OYHQOLUKZRVURQ-UHFFFAOYSA-N,SemanticScholar_NER,Magnolia acuminata,primary_metabolite
ethanol,CCO,LFQSCWFLJHTTHZ-UHFFFAOYSA-N,SemanticScholar_NER,Magnolia sp.,mw_below_100.0
ethanol,CCO,LFQSCWFLJHTTHZ-UHFFFAOYSA-N,SemanticScholar_NER,Magnolia grandiflora|Magnolia champaca|Magnolia species|Magnolia officinalis|Magnolia denudata,mw_below_100.0
ethanol,CCO,LFQSCWFLJHTTHZ-UHFFFAOYSA-N,SemanticScholar_NER,Magnolia grandiflora,mw_below_100.0
ethanol,CCO,LFQSCWFLJHTTHZ-UHFFFAOYSA-N,SemanticScholar_NER,Magnolia sp.,mw_below_100.0
ethanol,CCO,LFQSCWFLJHTTHZ-UHFFFAOYSA-N,SemanticScholar_NER,Magnolia sp.,mw_below_100.0
ethyl acetate,CCOC(C)=O,XEKOWRVHYACXOJ-UHFFFAOYSA-N,SemanticScholar_NER,Magnolia sp.,mw_below_100.0
ethanol,CCO,LFQSCWFLJHTTHZ-UHFFFAOYSA-N,SemanticScholar_NER,Magnolia vitifolia,mw_below_100.0
β-eudesmol,,,SemanticScholar_NER,Magnolia volatile,unresolvable_name
ethanol,CCO,LFQSCWFLJHTTHZ-UHFFFAOYSA-N,SemanticScholar_NER,Magnolia sp.,mw_below_100.0
ethyl acetate,CCOC(C)=O,XEKOWRVHYACXOJ-UHFFFAOYSA-N,SemanticScholar_NER,Magnolia sp.,mw_below_100.0
ethanol,CCO,LFQSCWFLJHTTHZ-UHFFFAOYSA-N,SemanticScholar_NER,Magnolia sp.,mw_below_100.0
butyric acid,CCCC(=O)O,FERIUCNNQQJTOY-UHFFFAOYSA-N,SemanticScholar_NER,Magnolia sp.,mw_below_100.0
ethanol,CCO,LFQSCWFLJHTTHZ-UHFFFAOYSA-N,SemanticScholar_NER,Magnolia officinalis,mw_below_100.0
ethanol,CCO,LFQSCWFLJHTTHZ-UHFFFAOYSA-N,SemanticScholar_NER,Magnolia sp.,mw_below_100.0
ethyl acetate,CCOC(C)=O,XEKOWRVHYACXOJ-UHFFFAOYSA-N,SemanticScholar_NER,Magnolia sp.,mw_below_100.0
oleic acid,CCCCCCCCC=CCCCCCCCC(=O)O,ZQPPMHVWECSIRJ-UHFFFAOYSA-N,SemanticScholar_NER,Magnolia officinalis,primary_metabolite
ethanol,CCO,LFQSCWFLJHTTHZ-UHFFFAOYSA-N,SemanticScholar_NER,Magnolia officinalis,mw_below_100.0
ethyl acetate,CCOC(C)=O,XEKOWRVHYACXOJ-UHFFFAOYSA-N,SemanticScholar_NER,Magnolia officinalis,mw_below_100.0
oleic acid,CCCCCCCCC=CCCCCCCCC(=O)O,ZQPPMHVWECSIRJ-UHFFFAOYSA-N,LOTUS_Wikidata,Magnolia officinalis,primary_metabolite
butan-1-ol,CCCCO,LRHPLDYGYMQRHN-UHFFFAOYSA-N,LOTUS_Wikidata,Magnolia obovata,mw_below_100.0
ethanol,CCO,LFQSCWFLJHTTHZ-UHFFFAOYSA-N,LOTUS_Wikidata,Magnolia obovata,mw_below_100.0
furfural,O=Cc1ccco1,HYBBIBNJHNGZAN-UHFFFAOYSA-N,LOTUS_Wikidata,Magnolia obovata,mw_below_100.0
acetic acid,CC(=O)O,,LOTUS_Wikidata,Magnolia obovata,unparseable_smiles
butyric acid,CCCC(=O)O,FERIUCNNQQJTOY-UHFFFAOYSA-N,LOTUS_Wikidata,Magnolia obovata,mw_below_100.0
ethyl acetate,CCOC(C)=O,XEKOWRVHYACXOJ-UHFFFAOYSA-N,LOTUS_Wikidata,Magnolia obovata,mw_below_100.0
isopropyl alcohol,CC(C)O,KFZMGEQAYNKOFK-UHFFFAOYSA-N,LOTUS_Wikidata,Magnolia obovata,mw_below_100.0
stearic acid,CCCCCCCCCCCCCCCCCC(=O)O,QIQXTHQIDYTFRH-UHFFFAOYSA-N,LOTUS_Wikidata,Magnolia compressa,primary_metabolite
"(9E,12Z)-linoleic acid",CCCCCC=CCC=CCCCCCCCC(=O)O,OYHQOLUKZRVURQ-UHFFFAOYSA-N,LOTUS_Wikidata,Magnolia officinalis,primary_metabolite
,OCC(O)CO,PEDCQBHIVMGVHV-UHFFFAOYSA-N,NPASS,Elmerrillia papuana,mw_below_100.0
,C=C[C@@](C)(O)CC/C=C(\C)C(=O)OC[C@@H]1O[C@H](OC(=O)[C@]23CCC(C)(C)C[C@H]2C2=CC[C@H]4[C@]5(C)CC[C@@H](O[C@H]6O[C@@H](CO[C@H]7OC[C@H](O)[C@@H](O)[C@@H]7O[C@H]7OC[C@H](O)[C@@H](O)[C@@H]7O)[C@H](O[C@H]7O[C@@H](CO)[C@H](O)[C@@H](O)[C@@H]7O)[C@@H](O)[C@@H]6N=C(C)O)C(C)(C)[C@H]5CC[C@]4(C)[C@@]2(C)C[C@@H]3O)[C@@H](O[C@H]2OC[C@H](O)[C@@H](O[C@H]3OC[C@@](O)(CO)[C@@H]3O)[C@@H]2O)[C@H](O)[C@H]1O[C@H]1O[C@@H](CO)[C@H](O)[C@@H](O)[C@@H]1OC(C)=O,NIOYYWCFXFCIIN-OIOSCFBCSA-N,NPASS,Magnolia montana,mw_above_1500.0
,OC[C@@H]1O[C@@H](O)[C@H](O)[C@H](O)[C@@H]1O,WQZGKKKJIJFFOK-YDMGZANHSA-N,NPASS,Magnolia pterocarpa,primary_metabolite
,Oc1ccccc1,ISWSIDIOOBJBQZ-UHFFFAOYSA-N,NPASS,Magnolia obovata,mw_below_100.0
,Oc1ccccc1,ISWSIDIOOBJBQZ-UHFFFAOYSA-N,NPASS,Magnolia officinalis,mw_below_100.0
,N=[11C](N)N,ZRALSGWEFCBTJO-BJUDXGSMSA-N,NPASS,Magnolia officinalis,mw_below_100.0
,N=[11C](N)N,ZRALSGWEFCBTJO-BJUDXGSMSA-N,NPASS,Magnolia officinalis,mw_below_100.0
,C=C[C@](C)(O)CC/C=C(\C)C(=O)OC[C@H]1O[C@@H](OC(=O)[C@]23CC[C@]4(C)C(=CC[C@@H]5[C@@]6(C)CC[C@@H](O[C@@H]7O[C@H](CO[C@@H]8OC[C@H](O)[C@H](O)[C@H]8O[C@@H]8OC[C@@H](O)[C@H](O)[C@H]8O)[C@@H](O[C@@H]8O[C@H](CO)[C@@H](O)[C@H](O)[C@H]8O)[C@H](O)[C@H]7N=C(C)O)C(C)(C)[C@@H]6CC[C@]54C)[C@H]2CC(C)(C)[C@H](O)[C@@H]3O)[C@H](O[C@@H]2OC[C@@H](O)[C@H](O[C@@H]3OC[C@](O)(CO)[C@H]3O)[C@H]2O)[C@@H](O)[C@@H]1O[C@@H]1O[C@H](CO)[C@@H](O)[C@H](O)[C@H]1OC(C)=O,DYEVAYRMFGZHTK-SRTMIBNXSA-N,NPASS,Magnolia montana,mw_above_1500.0
,[CH2-]CCCCC#[O+],LTMHFFNOXFSDQV-UHFFFAOYSA-N,NPASS,Magnolia liliiflora,mw_below_100.0
,[CH2-]CCCCC#[O+],LTMHFFNOXFSDQV-UHFFFAOYSA-N,NPASS,Magnolia liliflora,mw_below_100.0
,C(=C\C(=O)O)/C(=O)O,,NPASS,Michelia longifolia,unparseable_smiles
,C=C[C@](C)(O)CC/C=C(\C)C(=O)OC[C@H]1O[C@@H](OC(=O)[C@@]23CCC(C)(C)C[C@@H]2C2=CC[C@@H]4[C@@]5(C)CC[C@H](O[C@@H]6O[C@H](CO[C@@H]7OC[C@H](O)[C@H](O)[C@H]7O[C@@H]7OC[C@@H](O)[C@H](O)[C@H]7O)[C@@H](O[C@@H]7O[C@H](CO)[C@@H](O)[C@H](O)[C@H]7O)[C@H](O)[C@H]6N=C(C)O)C(C)(C)[C@@H]5CC[C@@]4(C)[C@]2(C)CC3)[C@H](O[C@@H]2OC[C@@H](O)[C@H](O[C@@H]3OC[C@](O)(CO)[C@H]3O)[C@H]2O)[C@@H](O)[C@@H]1O[C@@H]1O[C@H](CO)[C@@H](O)[C@H](O)[C@H]1OC(C)=O,PRYBENUZOCAPGE-WPAIHXNQSA-N,NPASS,Magnolia montana,mw_above_1500.0
,CC(O)=N[C@H]1[C@H](O[C@H]2CC[C@]3(C)[C@H]4CC=C5[C@@H]6CC(C)(C)CC[C@]6(C(=O)O[C@@H]6O[C@H](CO)[C@@H](O)[C@H](O)[C@H]6O[C@@H]6OC[C@](O)(CO[C@@H]7OC[C@](O)(CO)[C@H]7O)[C@H]6O)CC[C@@]5(C)[C@]4(C)CC[C@H]3C2(C)C)O[C@H](CO[C@@H]2OC[C@H](O)[C@H](O[C@@H]3OC[C@@H](O)[C@H](O)[C@H]3O)[C@H]2O)[C@@H](O[C@@H]2O[C@H](CO)[C@@H](O)[C@H](O)[C@H]2O)[C@@H]1O,CMCNAVCIRYPZCP-ANZSUFRPSA-N,NPASS,Magnolia montana,mw_above_1500.0
,CC(=O)OC[C@H]1O[C@@H](OC(=O)[C@]23CCC(C)(C)C[C@H]2C2=CC[C@@H]4[C@@]5(C)CC[C@H](O[C@@H]6O[C@H](CO[C@@H]7OC[C@H](O)[C@H](O[C@@H]8OC[C@@H](O)[C@H](O)[C@H]8O)[C@H]7O)[C@@H](O[C@@H]7O[C@H](CO)[C@@H](O)[C@H](O)[C@H]7O)[C@H](O)[C@H]6N=C(C)O)C(C)(C)[C@@H]5CC[C@@]4(C)[C@]2(C)[C@@H](O)[C@H]3O)[C@H](O[C@@H]2OC[C@](O)(CO[C@@H]3OC[C@](O)(CO)[C@H]3O)[C@H]2O)[C@@H](O)[C@@H]1O,MWNYEDALQAWIQT-VXDKBRHYSA-N,NPASS,Magnolia montana,mw_above_1500.0
,N=C1N[C@@H]2O[C@@H]3NC(=N)N[C@]34[C@H]([C@H](CNC(=O)c3cc(Br)c(Br)[nH]3)[C@@H](CNC(=O)c3cc(Br)c(Br)[nH]3)[C@@H]4O[C@H]3[C@H](CNC(=O)c4cc(Br)c(Br)[nH]4)[C@@H](CNC(=O)c4cc(Br)c(Br)[nH]4)[C@H]4[C@]5(O)NC(=N)N[C@@H]5O[C@@H]5NC(=N)N[C@]534)[C@]2(O)N1,YJHWJTAJYZABEV-TVGYVYHUSA-N,NPASS,Magnolia praecocissima,mw_above_1500.0
,CC(=O)C(=O)O,LCTONWCANYUPML-UHFFFAOYSA-N,NPASS,Elmerrillia papuana,mw_below_100.0
,CC(=O)C(=O)O,LCTONWCANYUPML-UHFFFAOYSA-N,NPASS,Magnolia yunnanensis,mw_below_100.0
,CC(O)=N[C@H]1[C@H](O[C@H]2CC[C@]3(C)[C@H]4CC=C5[C@@H]6CC(C)(C)CC[C@]6(C(=O)O[C@@H]6O[C@H](CO)[C@@H](O)[C@H](O)[C@H]6O[C@@H]6OC[C@](O)(CO[C@@H]7OC[C@](O)(CO)[C@H]7O)[C@H]6O)[C@H](O)[C@H](O)[C@@]5(C)[C@]4(C)CC[C@H]3C2(C)C)O[C@H](CO[C@@H]2OC[C@H](O)[C@H](O[C@@H]3OC[C@@H](O)[C@H](O)[C@H]3O)[C@H]2O)[C@@H](O[C@@H]2O[C@H](CO)[C@@H](O)[C@H](O)[C@H]2O)[C@@H]1O,OZGFMVKUPIWDJL-GYCCRRPMSA-N,NPASS,Magnolia montana,mw_above_1500.0
,O=C(O)CO,AEMRFAOFKBGASW-UHFFFAOYSA-N,NPASS,Michelia longifolia,mw_below_100.0
,O=C(O)CC(O)(CC(=O)O)C(=O)O,KRKNYBCHXYNGOX-UHFFFAOYSA-N,NPASS,Magnolia sieboldii,primary_metabolite
,CC([O-])C(=O)[O-],ANICIGAOPTXGND-UHFFFAOYSA-M,NPASS,Magnolia officinalis,mw_below_100.0
,C=C=C=C=O,RYJXPRUXQSAMQE-UHFFFAOYSA-N,NPASS,Magnolia x alba,mw_below_100.0
,C=C=C=C=O,RYJXPRUXQSAMQE-UHFFFAOYSA-N,NPASS,Magnolia x alba,mw_below_100.0
,C=C[C@](C)(O)CC/C=C(\C)C(=O)OC[C@H]1O[C@@H](OC(=O)[C@]23CCC(C)(C)C[C@H]2C2=CC[C@@H]4[C@@]5(C)CC[C@H](O[C@@H]6O[C@H](CO[C@@H]7OC[C@H](O)[C@H](O)[C@H]7O[C@@H]7OC[C@@H](O)[C@H](O)[C@H]7O)[C@@H](O[C@@H]7O[C@H](CO)[C@@H](O)[C@H](O)[C@H]7O)[C@H](O)[C@H]6N=C(C)O)C(C)(C)[C@@H]5CC[C@@]4(C)[C@]2(C)C[C@H]3O)[C@H](O[C@@H]2OC[C@@H](O)[C@H](O[C@@H]3OC[C@](O)(CO)[C@H]3O)[C@H]2O)[C@@H](O)[C@@H]1O[C@@H]1O[C@H](CO)[C@@H](O)[C@H](O)[C@H]1OC(C)=O,NIOYYWCFXFCIIN-BSMRAXQZSA-N,NPASS,Magnolia montana,mw_above_1500.0
,COC1=CC2=c3cc4ccc(c(c4c[n+]3CCC2=CC1=O)OC)OC,,NPASS,Magnolia biondii,unparseable_smiles
,N=C1N[C@@H]2O[C@@H]3NC(=N)N[C@]34[C@H]([C@H](CNC(=O)c3cc(Br)c(Br)[nH]3)[C@@H](CNC(=O)c3cc(Br)c(Br)[nH]3)[C@@H]4O[C@H]3[C@H](CNC(=O)c4cc(Br)c(Br)[nH]4)[C@@H](CNC(=O)c4cc(Br)c(Br)[nH]4)[C@@H]4[C@]5(O)NC(=N)N[C@@H]5O[C@@H]5NC(=N)N[C@]453)[C@]2(O)N1,YJHWJTAJYZABEV-TXKCMVHWSA-N,NPASS,Magnolia praecocissima,mw_above_1500.0
,C=C[C@@](C)(O)CC/C=C(\C)C(=O)OC[C@@H]1O[C@H](OC(=O)[C@@]23CCC(C)(C)C[C@@H]2C2=CC[C@@H]4[C@@]5(C)CC[C@H](O[C@H]6O[C@@H](CO[C@H]7OC[C@H](O)[C@@H](O)[C@@H]7O[C@H]7OC[C@H](O)[C@@H](O)[C@@H]7O)[C@H](O[C@H]7O[C@@H](CO)[C@H](O)[C@@H](O)[C@@H]7O)[C@@H](O)[C@@H]6N=C(C)O)C(C)(C)[C@@H]5CC[C@]4(C)[C@@]2(C)CC3)[C@@H](O[C@H]2OC[C@H](O)[C@@H](O[C@H]3OC[C@@](O)(CO)[C@@H]3O)[C@@H]2O)[C@H](O)[C@H]1O[C@H]1O[C@@H](CO)[C@H](O)[C@@H](O)[C@@H]1OC(C)=O,PRYBENUZOCAPGE-ZPYBVSOMSA-N,NPASS,Magnolia montana,mw_above_1500.0
,CCCCC/C=C\C/C=C\CCCCCCCC(=O)O,OYHQOLUKZRVURQ-HZJYTTRNSA-N,NPASS,Magnolia x alba,primary_metabolite
,CCCCC/C=C\C/C=C\CCCCCCCC(=O)O,OYHQOLUKZRVURQ-HZJYTTRNSA-N,NPASS,Magnolia sumatrana var. glauca,primary_metabolite
,CCCCC/C=C\C/C=C\CCCCCCCC(=O)O,OYHQOLUKZRVURQ-HZJYTTRNSA-N,NPASS,Magnolia hypolampra,primary_metabolite
,n.a.,,NPASS,Michelia x alba,unparseable_smiles
,n.a.,,NPASS,Magnolia laevifolia,unparseable_smiles
,n.a.,,NPASS,Magnolia laevifolia,unparseable_smiles
,n.a.,,NPASS,Magnolia laevifolia,unparseable_smiles
,n.a.,,NPASS,Magnolia laevifolia,unparseable_smiles
,n.a.,,NPASS,Magnolia laevifolia,unparseable_smiles
,n.a.,,NPASS,Magnolia laevifolia,unparseable_smiles
,n.a.,,NPASS,Magnolia laevifolia,unparseable_smiles
,n.a.,,NPASS,Magnolia laevifolia,unparseable_smiles
,n.a.,,NPASS,Magnolia laevifolia,unparseable_smiles
,n.a.,,NPASS,Magnolia sumatrana var. glauca,unparseable_smiles
,n.a.,,NPASS,Magnolia sumatrana var. glauca,unparseable_smiles
,n.a.,,NPASS,Magnolia sumatrana var. glauca,unparseable_smiles
,n.a.,,NPASS,Magnolia sumatrana var. glauca,unparseable_smiles
,n.a.,,NPASS,Magnolia sumatrana var. glauca,unparseable_smiles
,n.a.,,NPASS,Magnolia sumatrana var. glauca,unparseable_smiles
,CC/C=C\C/C=C\C/C=C\CCCCCCCC(=O)[O-],DTOSIQBPPRVQHS-PDBXOOCHSA-M,NPASS,Magnolia sumatrana var. glauca,primary_metabolite
,CC/C=C\C/C=C\C/C=C\CCCCCCCC(=O)[O-],DTOSIQBPPRVQHS-PDBXOOCHSA-M,NPASS,Magnolia hypolampra,primary_metabolite
,n.a.,,NPASS,Magnolia sumatrana var. glauca,unparseable_smiles
,n.a.,,NPASS,Magnolia hypolampra,unparseable_smiles
,n.a.,,NPASS,Magnolia sumatrana var. glauca,unparseable_smiles
,n.a.,,NPASS,Magnolia hypolampra,unparseable_smiles
,n.a.,,NPASS,Magnolia sumatrana var. glauca,unparseable_smiles
,n.a.,,NPASS,Magnolia sumatrana var. glauca,unparseable_smiles
,n.a.,,NPASS,Magnolia hypolampra,unparseable_smiles
,n.a.,,NPASS,Magnolia hypolampra,unparseable_smiles
,C#CC(C)C,USCSRAJGJYMJFZ-UHFFFAOYSA-N,NPASS,Magnolia hypolampra,mw_below_100.0
,n.a.,,NPASS,Magnolia hypolampra,unparseable_smiles
,n.a.,,NPASS,Magnolia hypolampra,unparseable_smiles
,n.a.,,NPASS,Magnolia hypolampra,unparseable_smiles
,n.a.,,NPASS,Magnolia hypolampra,unparseable_smiles
,n.a.,,NPASS,Magnolia hypolampra,unparseable_smiles
,n.a.,,NPASS,Magnolia hypolampra,unparseable_smiles
,n.a.,,NPASS,Michelia shiluensis,unparseable_smiles
,n.a.,,NPASS,Michelia shiluensis,unparseable_smiles
,n.a.,,NPASS,Michelia shiluensis,unparseable_smiles
,O=C(O)C=CC(=O)O,,NPASS,Michelia longifolia,unparseable_smiles
chlorane,Cl,,PubChem,Magnolia sp.,unparseable_smiles
ethanol,CCO,LFQSCWFLJHTTHZ-UHFFFAOYSA-N,PubChem,Magnolia sp.,mw_below_100.0
iodane,I,,PubChem,Magnolia sp.,unparseable_smiles
